no,date,c1,c2,c3,c4,c5,c6,b1
2003001,2003-02-23,10,11,12,13,26,28,11
2003002,2003-02-27,4,9,19,20,21,26,12
2003003,2003-03-02,1,7,10,23,28,32,16
2003004,2003-03-06,4,6,7,10,13,25,3
2003005,2003-03-09,4,6,15,17,30,31,16
2003006,2003-03-13,1,3,10,21,26,27,6
2003007,2003-03-16,1,9,19,21,23,26,7
2003008,2003-03-20,5,8,9,14,17,23,8
2003009,2003-03-23,5,9,18,20,22,30,9
2003010,2003-03-27,1,2,8,13,17,24,13
2003011,2003-03-30,4,5,11,12,30,32,15
2003012,2003-04-03,2,12,16,17,27,30,12
2003013,2003-04-06,8,13,17,21,23,32,12
2003014,2003-04-10,3,5,7,8,21,31,2
2003015,2003-04-13,4,11,19,25,26,32,13
2003016,2003-04-17,11,17,28,30,31,33,6
2003017,2003-04-20,5,8,18,23,25,31,6
2003018,2003-04-24,5,16,19,20,25,28,13
2003019,2003-04-27,4,8,12,13,16,33,9
2003020,2003-05-01,7,10,25,26,27,32,4
2003021,2003-05-04,14,15,18,25,26,30,1
2003022,2003-05-08,2,7,11,12,14,32,8
2003023,2003-05-11,1,10,20,22,26,31,2
2003024,2003-05-15,2,7,15,17,22,30,14
2003025,2003-05-18,1,5,11,13,14,27,12
2003026,2003-05-22,8,13,15,26,29,31,16
2003027,2003-05-25,1,11,14,17,27,28,15
2003028,2003-05-29,6,13,16,20,28,32,7
2003029,2003-06-01,2,7,15,26,29,32,10
2003030,2003-06-05,2,6,13,14,23,27,7
2003031,2003-06-08,11,17,20,22,28,32,1
2003032,2003-06-12,4,11,25,27,29,30,13
2003033,2003-06-15,1,7,14,20,27,30,10
2003034,2003-06-19,8,13,14,16,23,25,14
2003035,2003-06-22,3,4,5,8,10,11,8
2003036,2003-06-26,7,21,24,25,27,28,15
2003037,2003-06-29,9,14,17,18,26,32,7
2003038,2003-07-03,5,7,8,24,25,27,16
2003039,2003-07-06,3,5,23,24,27,32,3
2003040,2003-07-10,4,5,6,12,14,23,16
2003041,2003-07-13,2,3,17,18,24,25,11
2003042,2003-07-17,3,5,7,10,15,20,7
2003043,2003-07-20,2,8,10,19,20,32,13
2003044,2003-07-24,2,5,9,16,32,33,15
2003045,2003-07-27,3,7,14,15,17,32,3
2003046,2003-07-31,7,8,10,11,17,26,11
2003047,2003-08-03,3,17,26,28,32,33,16
2003048,2003-08-07,10,12,20,28,30,31,9
2003049,2003-08-10,3,6,7,13,24,25,15
2003050,2003-08-14,2,8,17,23,24,26,13
2003051,2003-08-17,4,13,15,17,24,27,1
2003052,2003-08-21,1,12,13,23,30,31,11
2003053,2003-08-24,15,19,20,21,28,29,13
2003054,2003-08-28,2,5,9,21,31,33,12
2003055,2003-08-31,6,13,16,21,28,31,16
2003056,2003-09-04,8,17,21,26,28,29,7
2003057,2003-09-07,18,19,24,25,30,31,16
2003058,2003-09-11,9,11,16,28,32,33,2
2003059,2003-09-14,2,3,5,6,18,30,4
2003060,2003-09-18,2,4,6,17,21,28,11
2003061,2003-09-21,3,5,20,21,28,32,2
2003062,2003-09-25,1,6,12,19,20,32,14
2003063,2003-09-28,5,8,9,14,21,33,11
2003064,2003-10-02,4,6,8,12,15,30,1
2003065,2003-10-05,6,15,16,17,30,33,11
2003066,2003-10-09,3,7,8,20,24,32,14
2003067,2003-10-12,5,11,12,13,27,31,10
2003068,2003-10-16,9,19,25,27,32,33,11
2003069,2003-10-19,7,11,16,19,26,28,11
2003070,2003-10-23,1,2,4,17,18,19,8
2003071,2003-10-26,9,11,12,14,15,33,11
2003072,2003-10-30,3,6,8,11,19,27,11
2003073,2003-11-02,2,12,14,21,23,30,13
2003074,2003-11-06,2,12,19,22,27,32,1
2003075,2003-11-09,16,17,19,22,31,33,11
2003076,2003-11-13,1,13,16,18,20,29,2
2003077,2003-11-16,4,12,16,22,24,25,6
2003078,2003-11-20,7,12,23,26,29,30,11
2003079,2003-11-23,12,15,22,23,26,31,4
2003080,2003-11-27,9,20,24,25,28,30,10
2003081,2003-11-30,1,2,14,26,29,30,7
2003082,2003-12-04,7,17,18,19,30,31,14
2003083,2003-12-07,1,3,14,18,26,28,1
2003084,2003-12-11,2,6,7,10,17,33,3
2003085,2003-12-14,1,4,11,12,19,27,14
2003086,2003-12-18,5,12,16,18,26,30,13
2003087,2003-12-21,2,3,4,5,24,28,13
2003088,2003-12-25,3,10,21,22,24,33,12
2003089,2003-12-28,18,19,21,26,27,33,16
2004001,2004-01-01,1,2,3,7,10,25,7
2004002,2004-01-04,10,12,18,22,30,31,11
2004003,2004-01-08,3,5,6,17,26,33,8
2004004,2004-01-11,10,19,22,23,25,29,9
2004005,2004-01-15,9,11,13,16,17,18,7
2004006,2004-01-18,4,12,18,20,23,32,6
2004007,2004-01-29,4,12,17,20,25,28,9
2004008,2004-02-01,1,7,10,22,32,33,13
2004009,2004-02-05,1,9,10,16,22,24,11
2004010,2004-02-08,6,7,8,13,14,19,15
2004011,2004-02-12,1,4,13,23,28,30,3
2004012,2004-02-15,1,7,27,30,31,33,8
2004013,2004-02-19,12,14,21,29,30,32,13
2004014,2004-02-22,3,7,11,17,20,26,12
2004015,2004-02-26,1,3,5,18,22,23,13
2004016,2004-02-29,4,7,8,28,30,32,5
2004017,2004-03-04,5,12,14,15,25,31,9
2004018,2004-03-07,2,5,6,8,28,30,6
2004019,2004-03-11,5,10,11,23,24,32,4
2004020,2004-03-14,1,2,9,22,28,31,4
2004021,2004-03-18,5,9,11,17,26,27,10
2004022,2004-03-21,3,10,14,19,20,30,6
2004023,2004-03-25,1,8,14,17,19,30,3
2004024,2004-03-28,1,13,21,23,25,32,6
2004025,2004-04-01,7,8,10,24,29,33,4
2004026,2004-04-04,4,10,14,18,28,32,15
2004027,2004-04-08,1,5,9,10,18,32,11
2004028,2004-04-11,1,2,3,5,10,22,12
2004029,2004-04-15,9,13,20,22,24,32,5
2004030,2004-04-18,1,7,9,17,26,31,5
2004031,2004-04-22,3,6,19,20,21,24,11
2004032,2004-04-25,2,5,8,11,15,31,13
2004033,2004-04-29,1,4,8,9,19,20,1
2004034,2004-05-02,2,7,13,20,27,30,14
2004035,2004-05-06,2,8,26,27,30,32,16
2004036,2004-05-09,2,13,17,18,26,30,1
2004037,2004-05-13,3,4,11,17,20,26,5
2004038,2004-05-16,11,16,17,25,28,29,7
2004039,2004-05-20,10,16,18,25,26,29,3
2004040,2004-05-23,7,17,19,20,21,29,11
2004041,2004-05-27,8,10,17,22,25,29,14
2004042,2004-05-30,6,10,13,17,18,21,2
2004043,2004-06-03,4,9,10,21,22,24,10
2004044,2004-06-06,2,6,7,12,31,32,5
2004045,2004-06-10,1,12,18,26,27,28,13
2004046,2004-06-13,7,15,16,22,23,32,14
2004047,2004-06-17,1,7,8,11,27,31,6
2004048,2004-06-20,8,9,11,16,17,29,9
2004049,2004-06-24,11,12,14,16,25,29,9
2004050,2004-06-27,6,7,19,21,25,29,2
2004051,2004-07-01,2,3,9,10,15,29,11
2004052,2004-07-04,1,12,14,15,17,29,9
2004053,2004-07-08,2,3,4,9,24,25,2
2004054,2004-07-11,9,11,14,16,27,28,11
2004055,2004-07-15,6,8,19,25,29,32,7
2004056,2004-07-18,1,20,21,25,29,30,2
2004057,2004-07-22,5,21,23,25,28,32,4
2004058,2004-07-25,1,8,11,12,27,31,12
2004059,2004-07-29,4,7,11,19,23,26,10
2004060,2004-08-01,3,5,11,24,27,28,15
2004061,2004-08-05,13,16,19,20,23,33,9
2004062,2004-08-08,1,12,25,27,28,29,13
2004063,2004-08-12,7,10,13,16,27,28,7
2004064,2004-08-15,14,15,18,20,27,31,4
2004065,2004-08-19,13,14,27,29,32,33,8
2004066,2004-08-22,5,13,20,23,24,25,3
2004067,2004-08-24,1,6,7,13,16,32,4
2004068,2004-08-26,2,8,11,13,24,31,15
2004069,2004-08-29,2,11,15,20,22,29,5
2004070,2004-08-31,10,12,21,22,30,33,6
2004071,2004-09-02,3,8,16,17,21,29,6
2004072,2004-09-05,8,15,18,28,30,33,14
2004073,2004-09-07,2,7,13,16,23,28,16
2004074,2004-09-09,5,6,15,19,26,29,13
2004075,2004-09-12,7,18,21,26,27,28,7
2004076,2004-09-14,3,5,13,17,25,31,7
2004077,2004-09-16,8,9,10,14,16,26,7
2004078,2004-09-19,4,5,10,21,24,26,5
2004079,2004-09-21,7,13,14,17,19,30,3
2004080,2004-09-23,3,8,20,23,24,26,16
2004081,2004-09-26,3,5,21,24,27,32,6
2004082,2004-09-28,3,20,24,27,29,30,15
2004083,2004-09-30,14,16,27,28,30,33,6
2004084,2004-10-03,1,4,8,11,21,25,14
2004085,2004-10-05,3,8,11,29,30,32,1
2004086,2004-10-07,10,13,18,19,25,27,1
2004087,2004-10-10,1,3,7,8,25,26,14
2004088,2004-10-12,2,10,19,22,24,32,14
2004089,2004-10-14,14,17,20,25,28,30,14
2004090,2004-10-17,1,18,20,24,32,33,12
2004091,2004-10-19,9,13,14,21,30,33,1
2004092,2004-10-21,1,4,8,13,28,31,2
2004093,2004-10-24,11,14,20,27,32,33,5
2004094,2004-10-26,5,9,10,13,24,25,8
2004095,2004-10-28,19,22,27,28,30,32,1
2004096,2004-10-31,1,4,12,16,20,30,15
2004097,2004-11-02,10,19,20,26,29,31,14
2004098,2004-11-04,3,12,13,25,26,31,3
2004099,2004-11-07,5,10,21,22,26,33,2
2004100,2004-11-09,6,8,9,14,24,33,15
2004101,2004-11-11,2,9,14,19,25,26,15
2004102,2004-11-14,3,9,12,15,28,32,1
2004103,2004-11-16,2,3,5,9,16,21,2
2004104,2004-11-18,7,11,17,18,24,29,5
2004105,2004-11-21,7,9,10,21,23,30,12
2004106,2004-11-23,10,15,23,26,28,29,12
2004107,2004-11-25,1,8,12,13,18,20,7
2004108,2004-11-28,8,13,14,27,28,31,12
2004109,2004-11-30,6,8,10,17,30,31,14
2004110,2004-12-02,14,19,20,21,22,31,11
2004111,2004-12-05,11,16,18,20,26,31,2
2004112,2004-12-07,9,13,15,21,26,33,6
2004113,2004-12-09,8,10,23,25,31,32,7
2004114,2004-12-12,1,6,9,17,21,22,1
2004115,2004-12-14,2,16,20,30,31,33,1
2004116,2004-12-16,1,3,5,8,14,33,3
2004117,2004-12-19,1,3,7,14,24,25,7
2004118,2004-12-21,3,4,7,12,30,31,15
2004119,2004-12-23,6,9,18,20,25,33,6
2004120,2004-12-26,7,8,18,21,27,32,10
2004121,2004-12-28,7,13,16,18,30,32,10
2004122,2004-12-30,3,11,14,22,24,31,15
2005001,2005-01-02,1,7,8,23,27,28,14
2005002,2005-01-04,6,9,20,26,28,33,14
2005003,2005-01-06,9,12,15,19,22,31,16
2005004,2005-01-09,1,4,8,9,22,23,3
2005005,2005-01-11,5,9,20,26,28,33,15
2005006,2005-01-13,2,4,5,15,21,31,16
2005007,2005-01-16,7,15,17,20,23,33,15
2005008,2005-01-18,11,19,22,27,32,33,11
2005009,2005-01-20,2,17,22,27,29,31,14
2005010,2005-01-23,8,10,11,18,25,26,1
2005011,2005-01-25,9,11,13,15,22,30,15
2005012,2005-01-27,2,3,6,16,22,31,5
2005013,2005-01-30,7,8,16,19,20,24,6
2005014,2005-02-01,13,19,21,23,30,32,5
2005015,2005-02-03,4,8,9,16,17,29,15
2005016,2005-02-06,1,5,6,12,16,30,15
2005017,2005-02-08,2,6,10,25,27,31,3
2005018,2005-02-17,1,3,6,22,23,25,6
2005019,2005-02-20,6,11,12,13,19,22,8
2005020,2005-02-22,14,16,19,20,25,29,5
2005021,2005-02-24,2,6,24,26,30,31,16
2005022,2005-02-27,8,10,12,21,32,33,4
2005023,2005-03-01,10,15,19,20,21,25,12
2005024,2005-03-03,5,9,14,27,31,32,13
2005025,2005-03-06,1,7,10,11,13,32,7
2005026,2005-03-08,6,12,14,20,25,26,7
2005027,2005-03-10,1,3,4,6,21,32,15
2005028,2005-03-13,4,9,22,25,26,32,10
2005029,2005-03-15,2,14,21,22,27,30,14
2005030,2005-03-17,1,5,9,14,22,28,5
2005031,2005-03-20,4,10,16,20,23,32,7
2005032,2005-03-22,5,15,19,20,25,29,3
2005033,2005-03-24,7,8,12,14,19,20,7
2005034,2005-03-27,5,17,18,25,28,32,9
2005035,2005-03-29,12,16,21,28,29,30,14
2005036,2005-03-31,12,19,20,21,26,31,15
2005037,2005-04-03,7,12,14,22,24,32,16
2005038,2005-04-05,4,7,11,20,27,28,16
2005039,2005-04-07,2,16,18,19,21,29,9
2005040,2005-04-10,1,12,21,24,30,32,13
2005041,2005-04-12,2,11,16,23,24,29,3
2005042,2005-04-14,11,16,21,26,27,30,15
2005043,2005-04-17,4,5,6,7,8,32,5
2005044,2005-04-19,1,6,16,17,18,22,9
2005045,2005-04-21,1,7,10,15,18,20,10
2005046,2005-04-24,9,16,18,20,22,24,5
2005047,2005-04-26,2,3,5,7,8,27,15
2005048,2005-04-28,6,7,8,10,16,28,2
2005049,2005-05-01,2,3,8,10,25,27,12
2005050,2005-05-03,2,9,12,20,26,32,13
2005051,2005-05-05,3,6,14,19,20,21,2
2005052,2005-05-08,1,2,14,17,30,32,1
2005053,2005-05-10,4,7,10,14,27,29,9
2005054,2005-05-12,5,13,17,18,21,29,14
2005055,2005-05-15,5,20,22,30,32,33,9
2005056,2005-05-17,12,17,19,27,29,31,9
2005057,2005-05-19,5,6,10,15,30,31,13
2005058,2005-05-22,4,6,10,21,25,26,10
2005059,2005-05-24,7,11,14,18,24,29,7
2005060,2005-05-26,9,12,21,25,31,33,13
2005061,2005-05-29,5,9,14,21,23,24,1
2005062,2005-05-31,2,7,11,12,20,23,7
2005063,2005-06-02,2,11,13,18,22,30,4
2005064,2005-06-05,10,18,23,27,30,32,8
2005065,2005-06-07,12,16,17,21,22,23,16
2005066,2005-06-09,2,4,10,11,25,28,5
2005067,2005-06-12,3,12,16,20,21,26,16
2005068,2005-06-14,1,8,10,13,25,33,13
2005069,2005-06-16,7,9,21,24,31,33,12
2005070,2005-06-19,3,4,8,14,16,26,4
2005071,2005-06-21,4,8,12,14,16,22,10
2005072,2005-06-23,6,10,19,20,24,33,11
2005073,2005-06-26,1,6,8,9,18,20,1
2005074,2005-06-28,6,9,18,20,26,29,9
2005075,2005-06-30,11,13,14,16,18,31,14
2005076,2005-07-03,4,9,11,22,25,28,13
2005077,2005-07-05,8,17,22,24,32,33,16
2005078,2005-07-07,3,11,15,20,26,32,11
2005079,2005-07-10,3,9,20,24,25,28,5
2005080,2005-07-12,1,12,14,26,27,32,16
2005081,2005-07-14,2,4,10,12,26,30,3
2005082,2005-07-17,1,7,11,14,19,20,12
2005083,2005-07-19,3,5,9,14,16,30,13
2005084,2005-07-21,1,2,7,15,19,20,3
2005085,2005-07-24,8,9,13,14,20,22,12
2005086,2005-07-26,7,11,12,24,27,29,12
2005087,2005-07-28,8,9,15,16,23,26,8
2005088,2005-07-31,1,3,7,18,20,24,7
2005089,2005-08-02,5,19,20,23,26,31,12
2005090,2005-08-04,1,9,21,25,29,32,3
2005091,2005-08-07,1,11,12,15,26,27,13
2005092,2005-08-09,8,13,19,26,28,31,10
2005093,2005-08-11,4,6,17,23,25,29,14
2005094,2005-08-14,3,5,9,23,27,33,3
2005095,2005-08-16,9,12,18,21,28,29,5
2005096,2005-08-18,4,5,17,18,26,33,4
2005097,2005-08-21,5,10,23,27,28,30,15
2005098,2005-08-23,12,15,19,22,31,33,1
2005099,2005-08-25,10,13,16,22,24,31,9
2005100,2005-08-28,2,4,9,14,16,31,3
2005101,2005-08-30,9,16,19,21,22,24,12
2005102,2005-09-01,2,5,6,14,24,31,12
2005103,2005-09-04,4,7,16,18,23,30,7
2005104,2005-09-06,2,4,21,23,30,33,9
2005105,2005-09-08,4,15,23,30,32,33,3
2005106,2005-09-11,1,11,13,24,26,31,13
2005107,2005-09-13,9,10,20,24,25,26,11
2005108,2005-09-15,3,10,12,24,29,30,6
2005109,2005-09-18,3,5,13,15,17,31,4
2005110,2005-09-20,7,10,16,19,24,25,9
2005111,2005-09-22,3,7,15,16,19,29,9
2005112,2005-09-25,4,12,22,28,29,30,16
2005113,2005-09-27,15,18,20,22,26,27,3
2005114,2005-09-29,6,7,10,15,21,27,6
2005115,2005-10-02,3,12,18,23,30,33,2
2005116,2005-10-04,4,6,8,14,15,30,10
2005117,2005-10-06,6,17,22,27,28,32,3
2005118,2005-10-09,4,9,12,15,26,31,16
2005119,2005-10-11,1,7,11,18,20,22,2
2005120,2005-10-13,1,6,13,18,30,32,14
2005121,2005-10-16,1,7,20,25,31,32,12
2005122,2005-10-18,1,4,7,14,30,32,9
2005123,2005-10-20,11,12,13,17,18,25,7
2005124,2005-10-23,5,6,10,19,31,33,11
2005125,2005-10-25,6,14,18,28,31,32,3
2005126,2005-10-27,2,8,13,19,25,26,9
2005127,2005-10-30,4,6,11,14,23,25,12
2005128,2005-11-01,2,4,14,23,29,33,15
2005129,2005-11-03,5,10,14,20,27,33,3
2005130,2005-11-06,3,5,9,15,20,25,16
2005131,2005-11-08,2,7,10,11,12,24,3
2005132,2005-11-10,2,4,10,18,27,29,15
2005133,2005-11-13,1,7,14,16,18,25,11
2005134,2005-11-15,4,13,14,18,26,30,1
2005135,2005-11-17,1,5,13,15,21,25,11
2005136,2005-11-20,5,14,16,18,25,27,13
2005137,2005-11-22,3,9,15,23,25,33,12
2005138,2005-11-24,3,5,6,11,20,22,13
2005139,2005-11-27,2,7,20,23,32,33,10
2005140,2005-11-29,4,6,7,8,12,17,7
2005141,2005-12-01,3,5,8,12,16,19,15
2005142,2005-12-04,7,10,12,17,22,29,5
2005143,2005-12-06,3,10,15,17,20,32,8
2005144,2005-12-08,1,8,14,15,19,27,9
2005145,2005-12-11,3,7,8,17,20,28,15
2005146,2005-12-13,7,11,19,20,24,28,2
2005147,2005-12-15,6,7,15,27,28,30,10
2005148,2005-12-18,3,15,17,23,24,29,13
2005149,2005-12-20,11,16,21,23,25,32,7
2005150,2005-12-22,3,7,10,14,18,20,2
2005151,2005-12-25,4,11,12,13,19,30,5
2005152,2005-12-27,1,5,12,14,21,27,3
2005153,2005-12-29,4,5,7,21,26,29,1
2006001,2006-01-01,1,12,15,19,21,28,3
2006002,2006-01-03,7,13,16,21,26,28,9
2006003,2006-01-05,2,4,5,6,16,20,12
2006004,2006-01-08,4,8,17,27,28,31,7
2006005,2006-01-10,3,19,20,24,26,27,11
2006006,2006-01-12,8,21,22,23,26,32,14
2006007,2006-01-15,4,16,18,27,32,33,7
2006008,2006-01-17,3,5,9,18,28,32,16
2006009,2006-01-19,5,6,8,20,26,30,6
2006010,2006-01-22,4,6,12,19,27,29,8
2006011,2006-01-24,5,7,8,14,27,31,11
2006012,2006-01-26,9,11,13,27,31,33,10
2006013,2006-02-05,1,5,6,12,16,21,11
2006014,2006-02-07,6,14,26,29,32,33,7
2006015,2006-02-09,2,3,9,15,29,32,3
2006016,2006-02-12,1,7,13,17,23,30,16
2006017,2006-02-14,3,4,8,31,32,33,2
2006018,2006-02-16,1,13,14,17,24,26,5
2006019,2006-02-19,4,6,13,22,26,32,7
2006020,2006-02-21,5,9,21,23,26,29,6
2006021,2006-02-23,1,2,5,20,21,22,9
2006022,2006-02-26,2,3,4,13,16,27,13
2006023,2006-02-28,4,13,14,19,23,28,8
2006024,2006-03-02,2,7,9,11,21,27,6
2006025,2006-03-05,3,4,17,19,24,32,5
2006026,2006-03-07,1,2,18,22,29,32,3
2006027,2006-03-09,6,8,11,14,16,27,15
2006028,2006-03-12,5,7,14,16,17,27,4
2006029,2006-03-14,3,4,7,9,14,19,8
2006030,2006-03-16,8,13,15,17,20,32,14
2006031,2006-03-19,3,10,12,16,31,32,14
2006032,2006-03-21,5,18,20,24,26,31,9
2006033,2006-03-23,15,20,22,23,27,31,6
2006034,2006-03-26,2,10,15,16,17,33,13
2006035,2006-03-28,3,9,13,21,27,29,13
2006036,2006-03-30,4,7,10,16,17,21,9
2006037,2006-04-02,2,12,23,24,25,32,14
2006038,2006-04-04,2,14,17,19,22,30,10
2006039,2006-04-06,16,19,22,28,31,32,3
2006040,2006-04-09,15,22,25,26,28,33,3
2006041,2006-04-11,3,10,16,18,21,28,4
2006042,2006-04-13,3,16,23,26,28,31,11
2006043,2006-04-16,5,12,13,16,23,32,3
2006044,2006-04-18,2,10,18,21,30,31,5
2006045,2006-04-20,6,7,10,14,20,21,4
2006046,2006-04-23,13,18,23,29,31,32,8
2006047,2006-04-25,2,17,20,22,28,32,3
2006048,2006-04-27,9,13,19,25,29,32,12
2006049,2006-04-30,6,10,12,13,17,20,3
2006050,2006-05-02,2,6,12,15,25,31,7
2006051,2006-05-04,2,6,7,17,27,30,16
2006052,2006-05-07,11,24,26,27,30,32,3
2006053,2006-05-09,1,11,17,27,28,31,2
2006054,2006-05-11,3,5,7,10,28,30,4
2006055,2006-05-14,4,5,28,29,31,33,11
2006056,2006-05-16,11,13,15,21,23,25,8
2006057,2006-05-18,3,4,17,18,21,31,8
2006058,2006-05-21,1,12,22,23,24,25,14
2006059,2006-05-23,5,10,15,17,27,29,11
2006060,2006-05-25,5,15,19,23,30,32,14
2006061,2006-05-28,5,13,17,19,25,30,11
2006062,2006-05-30,18,22,23,24,26,30,1
2006063,2006-06-01,4,5,15,21,23,24,8
2006064,2006-06-04,3,12,14,21,24,28,11
2006065,2006-06-06,4,8,17,28,29,30,13
2006066,2006-06-08,6,8,11,18,30,33,5
2006067,2006-06-11,7,8,11,16,17,24,13
2006068,2006-06-13,3,7,10,14,30,33,10
2006069,2006-06-15,5,16,20,22,29,30,8
2006070,2006-06-18,2,3,11,13,20,27,2
2006071,2006-06-20,5,11,12,19,29,31,1
2006072,2006-06-22,2,3,5,20,21,24,8
2006073,2006-06-25,5,13,16,18,27,29,12
2006074,2006-06-27,1,3,15,19,25,33,4
2006075,2006-06-29,10,21,22,23,25,33,11
2006076,2006-07-02,4,10,17,21,29,32,14
2006077,2006-07-04,8,9,12,13,19,33,9
2006078,2006-07-06,3,5,17,22,31,33,12
2006079,2006-07-09,6,11,13,17,20,32,8
2006080,2006-07-11,15,17,20,22,26,29,9
2006081,2006-07-13,14,16,18,21,22,32,4
2006082,2006-07-16,3,13,15,23,28,29,9
2006083,2006-07-18,7,9,18,19,26,29,10
2006084,2006-07-20,1,12,17,21,25,28,12
2006085,2006-07-23,2,6,18,21,24,25,8
2006086,2006-07-25,4,6,10,24,26,31,6
2006087,2006-07-27,4,5,8,9,12,30,5
2006088,2006-07-30,3,11,20,24,25,26,1
2006089,2006-08-01,1,13,16,18,19,22,1
2006090,2006-08-03,2,11,15,20,23,29,11
2006091,2006-08-06,7,8,12,21,22,24,7
2006092,2006-08-08,2,8,11,16,20,21,14
2006093,2006-08-10,2,12,16,18,19,23,5
2006094,2006-08-13,15,16,17,18,24,33,13
2006095,2006-08-15,1,3,17,20,21,29,16
2006096,2006-08-17,1,5,9,13,18,33,14
2006097,2006-08-20,11,14,15,20,26,27,12
2006098,2006-08-22,6,7,10,11,18,23,16
2006099,2006-08-24,9,12,18,23,24,27,5
2006100,2006-08-27,1,11,18,26,30,32,3
2006101,2006-08-29,9,12,20,26,27,28,16
2006102,2006-08-31,1,4,13,19,20,24,11
2006103,2006-09-03,12,14,15,25,28,31,6
2006104,2006-09-05,3,7,22,27,28,31,11
2006105,2006-09-07,5,12,14,15,20,31,1
2006106,2006-09-10,2,12,14,19,28,33,10
2006107,2006-09-12,1,6,8,13,17,30,7
2006108,2006-09-14,2,6,8,20,24,30,9
2006109,2006-09-17,1,5,17,18,23,26,13
2006110,2006-09-19,9,12,14,18,27,33,13
2006111,2006-09-21,1,8,11,16,17,22,15
2006112,2006-09-24,4,9,13,15,31,33,11
2006113,2006-09-26,5,14,17,18,28,33,2
2006114,2006-09-28,8,10,14,20,27,29,16
2006115,2006-10-01,1,10,20,26,28,29,15
2006116,2006-10-03,5,16,21,22,32,33,9
2006117,2006-10-05,6,14,20,22,23,26,9
2006118,2006-10-08,1,3,7,8,10,30,5
2006119,2006-10-10,1,2,14,20,27,30,2
2006120,2006-10-12,6,8,14,15,24,33,9
2006121,2006-10-15,3,4,6,27,31,33,6
2006122,2006-10-17,4,5,6,8,22,24,3
2006123,2006-10-19,2,3,20,25,28,32,6
2006124,2006-10-22,12,13,14,18,31,32,13
2006125,2006-10-24,15,19,23,30,32,33,6
2006126,2006-10-26,2,8,13,16,24,33,9
2006127,2006-10-29,3,4,11,17,19,30,1
2006128,2006-10-31,4,15,21,30,31,33,5
2006129,2006-11-02,9,14,18,22,27,29,12
2006130,2006-11-05,1,12,21,22,30,32,2
2006131,2006-11-07,3,4,9,22,26,33,1
2006132,2006-11-09,6,14,22,26,30,33,1
2006133,2006-11-12,4,6,20,25,29,31,3
2006134,2006-11-14,10,13,18,26,28,30,12
2006135,2006-11-16,4,19,21,22,23,31,4
2006136,2006-11-19,11,15,17,21,22,24,5
2006137,2006-11-21,10,14,17,21,27,31,9
2006138,2006-11-23,4,9,11,17,18,26,8
2006139,2006-11-26,7,8,14,21,23,25,5
2006140,2006-11-28,1,8,11,18,19,23,5
2006141,2006-11-30,16,18,22,23,25,31,11
2006142,2006-12-03,10,16,19,22,26,27,16
2006143,2006-12-05,1,15,20,29,31,32,8
2006144,2006-12-07,4,10,13,16,22,29,6
2006145,2006-12-10,2,7,23,26,28,31,7
2006146,2006-12-12,3,9,13,23,28,30,5
2006147,2006-12-14,1,4,15,17,27,31,1
2006148,2006-12-17,4,8,12,13,23,29,1
2006149,2006-12-19,2,3,5,11,15,32,15
2006150,2006-12-21,8,9,12,18,25,27,12
2006151,2006-12-24,1,3,4,6,16,22,8
2006152,2006-12-26,1,14,20,25,27,31,15
2006153,2006-12-28,1,7,11,20,30,33,10
2006154,2006-12-31,7,14,18,20,30,33,13
2007001,2007-01-02,2,4,9,10,20,26,14
2007002,2007-01-04,5,6,14,20,21,22,1
2007003,2007-01-07,5,9,11,12,22,27,15
2007004,2007-01-09,3,7,10,13,25,33,10
2007005,2007-01-11,1,5,6,16,24,30,12
2007006,2007-01-14,6,10,14,22,26,27,11
2007007,2007-01-16,4,12,15,17,22,32,14
2007008,2007-01-18,1,4,5,18,19,25,10
2007009,2007-01-21,2,4,14,15,25,27,15
2007010,2007-01-23,3,8,14,17,30,32,5
2007011,2007-01-25,3,10,15,25,28,33,16
2007012,2007-01-28,3,5,7,21,26,28,4
2007013,2007-01-30,5,15,18,27,29,32,5
2007014,2007-02-01,1,13,16,20,24,26,9
2007015,2007-02-04,3,4,8,18,22,30,15
2007016,2007-02-06,1,18,20,22,26,33,5
2007017,2007-02-08,5,9,10,24,25,32,14
2007018,2007-02-11,1,12,18,20,21,26,11
2007019,2007-02-13,4,11,16,23,29,31,14
2007020,2007-02-15,5,10,16,20,28,31,14
2007021,2007-02-25,3,6,9,11,25,31,13
2007022,2007-02-27,2,4,7,10,18,27,10
2007023,2007-03-01,3,7,13,17,32,33,2
2007024,2007-03-04,8,9,17,25,27,32,6
2007025,2007-03-06,3,16,18,22,23,26,3
2007026,2007-03-08,1,4,14,16,26,29,10
2007027,2007-03-11,2,3,9,22,24,27,11
2007028,2007-03-13,3,8,13,20,29,30,11
2007029,2007-03-15,6,8,9,11,19,21,10
2007030,2007-03-18,3,16,21,22,27,30,4
2007031,2007-03-20,4,6,10,12,19,31,1
2007032,2007-03-22,4,8,16,24,30,32,16
2007033,2007-03-25,3,4,11,17,18,28,9
2007034,2007-03-27,2,9,12,14,23,25,16
2007035,2007-03-29,1,4,8,12,29,31,6
2007036,2007-04-01,3,14,21,23,30,31,10
2007037,2007-04-03,10,11,16,23,31,33,16
2007038,2007-04-05,3,11,14,19,21,30,5
2007039,2007-04-08,6,7,19,24,27,29,1
2007040,2007-04-10,13,14,15,19,24,30,10
2007041,2007-04-12,1,3,9,11,26,31,12
2007042,2007-04-15,3,13,16,19,32,33,8
2007043,2007-04-17,3,8,10,11,14,30,5
2007044,2007-04-19,9,13,20,21,24,32,8
2007045,2007-04-22,1,12,18,21,28,30,10
2007046,2007-04-24,2,6,7,9,19,26,14
2007047,2007-04-26,2,4,16,18,23,30,6
2007048,2007-04-29,2,11,12,15,17,28,12
2007049,2007-05-01,4,14,18,19,31,33,2
2007050,2007-05-03,1,5,8,13,18,25,2
2007051,2007-05-06,3,14,16,26,27,33,13
2007052,2007-05-08,2,3,7,8,26,29,7
2007053,2007-05-10,10,13,16,17,18,27,11
2007054,2007-05-13,1,3,16,18,23,28,5
2007055,2007-05-15,2,6,11,22,28,29,2
2007056,2007-05-17,14,17,21,29,31,32,12
2007057,2007-05-20,5,11,18,19,20,21,9
2007058,2007-05-22,7,8,10,13,25,27,7
2007059,2007-05-24,1,3,4,6,7,29,14
2007060,2007-05-27,1,2,8,16,19,29,5
2007061,2007-05-29,1,6,7,11,20,23,5
2007062,2007-05-31,8,17,20,29,30,33,9
2007063,2007-06-03,10,15,17,24,26,28,12
2007064,2007-06-05,2,6,9,16,21,23,16
2007065,2007-06-07,4,7,19,21,25,31,7
2007066,2007-06-10,5,11,16,24,32,33,8
2007067,2007-06-12,6,11,13,17,21,23,11
2007068,2007-06-14,11,18,19,22,23,28,1
2007069,2007-06-17,3,4,11,12,14,32,12
2007070,2007-06-19,6,8,15,17,18,30,12
2007071,2007-06-21,1,6,14,21,30,31,9
2007072,2007-06-24,2,4,8,13,14,33,16
2007073,2007-06-26,5,9,11,19,28,31,2
2007074,2007-06-28,8,13,15,25,27,28,3
2007075,2007-07-01,13,16,17,22,30,32,3
2007076,2007-07-03,6,12,15,16,20,31,2
2007077,2007-07-05,6,8,14,21,28,29,2
2007078,2007-07-08,4,6,7,23,25,32,1
2007079,2007-07-10,3,4,14,20,21,25,14
2007080,2007-07-12,1,8,16,18,19,29,4
2007081,2007-07-15,9,14,15,19,24,33,13
2007082,2007-07-17,5,15,17,18,25,32,15
2007083,2007-07-19,11,14,18,20,21,26,5
2007084,2007-07-22,6,10,12,14,20,27,10
2007085,2007-07-24,2,12,17,19,29,30,12
2007086,2007-07-26,5,8,14,22,27,29,16
2007087,2007-07-29,1,3,4,5,8,21,9
2007088,2007-07-31,2,4,10,28,29,33,6
2007089,2007-08-02,3,7,8,15,19,28,3
2007090,2007-08-05,5,11,13,27,30,31,2
2007091,2007-08-07,2,11,17,30,31,32,7
2007092,2007-08-09,14,18,22,23,24,33,9
2007093,2007-08-12,5,10,13,15,19,29,2
2007094,2007-08-14,3,5,18,19,24,32,2
2007095,2007-08-16,1,6,8,18,29,32,7
2007096,2007-08-19,9,10,20,22,30,32,8
2007097,2007-08-21,4,8,13,18,26,30,11
2007098,2007-08-23,2,3,5,11,19,20,12
2007099,2007-08-26,3,4,14,27,31,33,5
2007100,2007-08-28,8,18,27,29,30,32,6
2007101,2007-08-30,15,16,18,21,22,30,14
2007102,2007-09-02,4,6,8,18,20,33,11
2007103,2007-09-04,7,9,25,27,30,32,1
2007104,2007-09-06,2,8,12,14,20,32,4
2007105,2007-09-09,2,7,10,17,23,29,14
2007106,2007-09-11,12,18,21,24,25,29,8
2007107,2007-09-13,2,8,9,18,24,28,10
2007108,2007-09-16,3,7,12,13,20,33,2
2007109,2007-09-18,1,4,7,8,13,14,4
2007110,2007-09-20,2,4,7,15,24,28,3
2007111,2007-09-23,2,9,10,12,13,17,11
2007112,2007-09-25,7,11,14,16,25,32,11
2007113,2007-09-27,4,18,23,25,26,31,10
2007114,2007-09-30,5,12,15,24,27,33,5
2007115,2007-10-02,1,5,10,16,20,26,2
2007116,2007-10-04,3,5,7,11,17,27,13
2007117,2007-10-07,3,7,9,10,26,32,1
2007118,2007-10-09,4,10,16,18,25,32,15
2007119,2007-10-11,3,8,11,13,25,31,12
2007120,2007-10-14,6,7,11,12,18,25,1
2007121,2007-10-16,3,10,21,22,27,28,6
2007122,2007-10-18,4,7,19,24,26,32,9
2007123,2007-10-21,1,13,15,23,28,32,2
2007124,2007-10-23,3,7,13,16,19,32,16
2007125,2007-10-25,3,5,18,20,27,33,1
2007126,2007-10-28,9,10,19,23,26,31,9
2007127,2007-10-30,6,9,13,16,24,28,11
2007128,2007-11-01,9,10,19,21,27,31,5
2007129,2007-11-04,5,7,20,21,22,30,8
2007130,2007-11-06,3,5,9,11,27,31,4
2007131,2007-11-08,3,5,7,16,22,27,5
2007132,2007-11-11,1,9,16,21,22,23,5
2007133,2007-11-13,3,6,7,11,13,33,10
2007134,2007-11-15,1,4,10,13,18,25,15
2007135,2007-11-18,1,11,16,26,31,33,16
2007136,2007-11-20,1,2,18,21,25,29,14
2007137,2007-11-22,3,7,8,18,20,22,3
2007138,2007-11-25,2,3,15,17,19,25,16
2007139,2007-11-27,6,10,12,14,16,22,6
2007140,2007-11-29,1,5,16,21,22,26,11
2007141,2007-12-02,2,3,4,6,17,31,8
2007142,2007-12-04,11,20,25,26,27,30,8
2007143,2007-12-06,1,6,22,23,24,26,4
2007144,2007-12-09,8,14,23,25,28,32,16
2007145,2007-12-11,8,9,11,12,25,31,11
2007146,2007-12-13,4,18,22,24,26,30,9
2007147,2007-12-16,3,7,18,24,26,27,4
2007148,2007-12-18,3,9,16,17,23,28,7
2007149,2007-12-20,1,17,19,22,28,30,3
2007150,2007-12-23,3,5,11,13,19,24,5
2007151,2007-12-25,1,6,10,11,23,25,2
2007152,2007-12-27,11,17,21,29,30,33,8
2007153,2007-12-30,1,4,19,20,25,31,15
2008001,2008-01-01,2,4,7,9,14,29,3
2008002,2008-01-03,3,4,18,22,25,29,9
2008003,2008-01-06,6,8,11,13,17,19,12
2008004,2008-01-08,4,8,22,23,27,29,8
2008005,2008-01-10,3,5,15,22,24,25,15
2008006,2008-01-13,1,14,16,18,22,27,14
2008007,2008-01-15,1,13,17,22,23,30,11
2008008,2008-01-17,2,15,16,23,26,27,7
2008009,2008-01-20,9,21,29,30,31,32,16
2008010,2008-01-22,3,8,11,17,21,27,9
2008011,2008-01-24,2,14,17,21,30,32,3
2008012,2008-01-27,3,4,5,16,20,30,13
2008013,2008-01-29,2,8,15,16,22,28,10
2008014,2008-01-31,3,9,11,17,21,31,14
2008015,2008-02-03,6,8,11,16,29,33,3
2008016,2008-02-05,3,12,14,21,29,33,13
2008017,2008-02-14,2,5,7,17,20,22,2
2008018,2008-02-17,2,5,6,23,26,33,13
2008019,2008-02-19,2,9,11,17,27,31,5
2008020,2008-02-21,3,10,13,15,28,30,3
2008021,2008-02-24,9,12,19,20,26,28,15
2008022,2008-02-26,12,18,20,24,28,32,5
2008023,2008-02-28,8,16,18,25,26,32,2
2008024,2008-03-02,11,20,21,26,28,30,13
2008025,2008-03-04,8,16,17,18,19,21,14
2008026,2008-03-06,5,17,19,27,29,32,3
2008027,2008-03-09,15,18,19,23,24,26,13
2008028,2008-03-11,1,13,21,26,29,32,10
2008029,2008-03-13,1,9,14,22,29,32,12
2008030,2008-03-16,6,15,18,19,20,28,11
2008031,2008-03-18,3,6,11,15,21,31,13
2008032,2008-03-20,5,14,16,21,23,28,13
2008033,2008-03-23,12,17,18,30,31,33,4
2008034,2008-03-25,3,5,9,11,21,29,9
2008035,2008-03-27,7,11,14,17,18,29,16
2008036,2008-03-30,2,6,13,18,23,28,16
2008037,2008-04-01,1,12,22,24,28,31,6
2008038,2008-04-03,3,9,10,11,15,19,13
2008039,2008-04-06,1,7,10,13,22,29,1
2008040,2008-04-08,6,13,22,25,27,28,9
2008041,2008-04-10,8,11,20,22,23,27,4
2008042,2008-04-13,3,4,9,11,12,24,1
2008043,2008-04-15,3,10,16,22,27,33,14
2008044,2008-04-17,5,7,9,20,26,29,9
2008045,2008-04-20,1,10,13,21,29,32,4
2008046,2008-04-22,15,16,18,24,28,33,15
2008047,2008-04-24,9,12,13,14,20,22,10
2008048,2008-04-27,11,18,21,27,30,32,1
2008049,2008-04-29,3,10,12,13,19,25,4
2008050,2008-05-01,1,11,19,24,26,27,3
2008051,2008-05-04,1,4,8,10,13,33,11
2008052,2008-05-06,2,10,17,23,29,31,10
2008053,2008-05-08,6,12,19,20,21,27,4
2008054,2008-05-11,2,6,16,17,20,25,7
2008055,2008-05-13,11,16,19,23,26,31,4
2008056,2008-05-15,8,13,22,23,25,30,7
2008057,2008-05-18,19,20,21,26,28,30,8
2008058,2008-05-20,1,12,21,27,29,31,11
2008059,2008-05-22,2,6,15,29,31,32,16
2008060,2008-05-25,6,7,8,17,30,32,3
2008061,2008-05-27,1,2,5,12,26,31,6
2008062,2008-05-29,6,8,13,17,24,27,15
2008063,2008-06-01,5,9,11,14,16,17,15
2008064,2008-06-03,1,2,7,9,12,18,12
2008065,2008-06-05,5,13,15,19,30,31,5
2008066,2008-06-08,7,12,21,22,29,30,8
2008067,2008-06-10,10,11,15,19,26,33,13
2008068,2008-06-12,5,7,17,23,27,29,7
2008069,2008-06-15,5,8,17,20,26,30,10
2008070,2008-06-17,5,6,12,15,18,33,13
2008071,2008-06-19,1,6,21,26,27,28,9
2008072,2008-06-22,1,5,10,18,22,30,9
2008073,2008-06-24,1,9,13,22,28,33,8
2008074,2008-06-26,1,11,15,19,20,24,9
2008075,2008-06-29,1,8,14,18,22,30,3
2008076,2008-07-01,2,5,7,11,13,18,11
2008077,2008-07-03,4,12,22,26,30,33,9
2008078,2008-07-06,6,13,16,26,30,33,1
2008079,2008-07-08,3,4,5,10,20,32,9
2008080,2008-07-10,4,14,22,25,29,32,14
2008081,2008-07-13,2,12,13,18,25,31,4
2008082,2008-07-15,4,8,10,12,21,26,9
2008083,2008-07-17,7,8,9,18,29,32,9
2008084,2008-07-20,4,7,13,20,29,30,16
2008085,2008-07-22,1,4,12,20,24,29,15
2008086,2008-07-24,4,5,10,26,27,30,12
2008087,2008-07-27,1,7,26,29,30,31,6
2008088,2008-07-29,1,6,8,16,17,23,5
2008089,2008-07-31,3,6,11,16,22,27,11
2008090,2008-08-03,2,7,14,18,19,24,1
2008091,2008-08-05,3,12,14,23,31,32,10
2008092,2008-08-07,1,3,18,27,28,30,5
2008093,2008-08-10,4,10,12,16,26,28,7
2008094,2008-08-12,1,4,15,16,23,28,14
2008095,2008-08-14,3,8,14,21,28,29,3
2008096,2008-08-17,6,8,12,24,27,31,14
2008097,2008-08-19,3,6,8,9,16,17,13
2008098,2008-08-21,6,7,10,11,15,30,1
2008099,2008-08-24,10,15,16,22,23,24,7
2008100,2008-08-26,8,14,17,21,27,28,14
2008101,2008-08-28,9,17,21,26,28,30,4
2008102,2008-08-31,3,7,12,21,25,32,5
2008103,2008-09-02,1,12,16,18,22,33,4
2008104,2008-09-04,3,6,8,17,24,31,1
2008105,2008-09-07,5,17,19,27,28,32,2
2008106,2008-09-09,14,19,25,27,29,30,15
2008107,2008-09-11,6,13,18,22,27,32,4
2008108,2008-09-14,9,10,15,17,23,30,12
2008109,2008-09-16,4,7,9,16,21,28,10
2008110,2008-09-18,10,16,22,23,29,31,2
2008111,2008-09-21,17,18,21,25,31,32,6
2008112,2008-09-23,5,13,14,19,22,23,6
2008113,2008-09-25,6,9,10,12,17,22,9
2008114,2008-09-28,4,9,20,24,25,31,14
2008115,2008-09-30,2,12,13,14,17,18,6
2008116,2008-10-02,3,7,21,22,24,29,14
2008117,2008-10-05,3,5,7,10,14,33,7
2008118,2008-10-07,4,9,16,27,31,33,1
2008119,2008-10-09,5,7,9,15,24,29,7
2008120,2008-10-12,10,11,22,24,26,33,2
2008121,2008-10-14,2,22,23,27,31,32,6
2008122,2008-10-16,2,8,11,14,19,26,15
2008123,2008-10-19,10,11,15,16,25,29,2
2008124,2008-10-21,1,7,10,13,21,22,3
2008125,2008-10-23,10,11,12,15,26,29,9
2008126,2008-10-26,4,11,12,14,20,30,13
2008127,2008-10-28,5,8,19,22,27,30,13
2008128,2008-10-30,1,5,19,20,27,33,5
2008129,2008-11-02,1,3,18,24,25,32,15
2008130,2008-11-04,1,12,18,28,30,32,6
2008131,2008-11-06,2,12,15,18,22,32,8
2008132,2008-11-09,9,13,16,25,27,33,8
2008133,2008-11-11,8,11,16,19,24,26,11
2008134,2008-11-13,10,15,19,20,28,32,2
2008135,2008-11-16,5,14,15,16,19,21,15
2008136,2008-11-18,5,9,10,12,18,28,2
2008137,2008-11-20,1,4,24,28,29,33,9
2008138,2008-11-23,7,14,19,23,25,32,4
2008139,2008-11-25,8,9,19,23,25,26,7
2008140,2008-11-27,7,14,16,29,30,31,14
2008141,2008-11-30,3,13,20,25,29,33,15
2008142,2008-12-02,5,6,10,13,17,28,15
2008143,2008-12-04,12,17,18,19,26,27,6
2008144,2008-12-07,2,5,10,27,29,33,15
2008145,2008-12-09,7,13,18,22,26,29,2
2008146,2008-12-11,7,8,17,19,31,32,10
2008147,2008-12-14,7,8,14,22,26,33,2
2008148,2008-12-16,3,5,9,22,26,28,9
2008149,2008-12-18,10,14,22,28,29,33,2
2008150,2008-12-21,4,19,22,24,29,32,2
2008151,2008-12-23,6,8,10,14,17,19,6
2008152,2008-12-25,1,4,6,22,26,30,8
2008153,2008-12-28,1,4,18,21,24,30,16
2008154,2008-12-30,2,5,7,21,22,26,8
2009001,2009-01-01,4,21,23,24,30,31,4
2009002,2009-01-04,10,14,17,25,29,33,14
2009003,2009-01-06,2,3,6,15,25,30,2
2009004,2009-01-08,3,11,13,17,28,31,3
2009005,2009-01-11,1,3,8,15,17,21,13
2009006,2009-01-13,6,12,18,20,26,33,2
2009007,2009-01-15,1,5,12,23,25,26,15
2009008,2009-01-18,4,15,16,22,32,33,2
2009009,2009-01-20,8,15,21,30,31,33,2
2009010,2009-01-22,3,10,17,19,20,24,2
2009011,2009-02-01,2,4,13,14,18,23,15
2009012,2009-02-03,5,11,14,17,18,28,1
2009013,2009-02-05,4,8,9,21,26,27,9
2009014,2009-02-08,3,6,9,14,15,18,2
2009015,2009-02-10,2,4,6,15,17,32,5
2009016,2009-02-12,2,7,13,16,20,33,3
2009017,2009-02-15,6,14,15,19,25,26,8
2009018,2009-02-17,2,5,6,19,27,30,15
2009019,2009-02-19,6,17,19,20,26,27,4
2009020,2009-02-22,3,5,7,10,19,23,13
2009021,2009-02-24,1,4,5,17,24,27,9
2009022,2009-02-26,5,8,9,10,11,18,8
2009023,2009-03-01,1,6,7,15,24,30,8
2009024,2009-03-03,1,3,17,23,30,33,12
2009025,2009-03-05,10,20,22,23,26,33,11
2009026,2009-03-08,11,15,17,18,20,30,16
2009027,2009-03-10,2,7,11,16,27,32,6
2009028,2009-03-12,3,6,12,15,23,26,10
2009029,2009-03-15,12,13,15,22,23,29,13
2009030,2009-03-17,8,14,24,26,28,32,7
2009031,2009-03-19,1,2,3,15,30,33,1
2009032,2009-03-22,9,11,12,19,27,32,6
2009033,2009-03-24,7,8,13,14,29,30,6
2009034,2009-03-26,9,12,18,21,22,26,7
2009035,2009-03-29,6,15,21,26,29,31,5
2009036,2009-03-31,6,9,18,23,32,33,7
2009037,2009-04-02,2,6,15,18,20,31,3
2009038,2009-04-05,12,13,15,23,28,32,5
2009039,2009-04-07,5,12,14,15,21,27,3
2009040,2009-04-09,4,7,10,20,26,30,12
2009041,2009-04-12,1,8,23,26,28,33,8
2009042,2009-04-14,8,16,22,23,27,30,11
2009043,2009-04-16,4,9,10,15,18,26,7
2009044,2009-04-19,11,14,16,18,26,30,1
2009045,2009-04-21,3,4,6,23,30,32,1
2009046,2009-04-23,16,20,21,26,29,30,9
2009047,2009-04-26,6,8,11,15,21,22,16
2009048,2009-04-28,3,7,11,15,17,31,1
2009049,2009-04-30,9,12,14,20,30,31,6
2009050,2009-05-03,13,21,24,29,30,32,4
2009051,2009-05-05,6,10,13,16,21,23,7
2009052,2009-05-07,9,11,15,19,21,30,8
2009053,2009-05-10,7,12,18,19,22,28,4
2009054,2009-05-12,16,17,23,26,31,32,11
2009055,2009-05-14,3,4,18,22,24,29,11
2009056,2009-05-17,4,9,10,18,29,32,8
2009057,2009-05-19,5,7,10,14,17,25,11
2009058,2009-05-21,5,8,10,15,23,26,9
2009059,2009-05-24,3,7,13,23,27,30,11
2009060,2009-05-26,7,13,17,26,32,33,4
2009061,2009-05-28,10,11,13,16,19,30,3
2009062,2009-05-31,10,19,20,21,23,32,10
2009063,2009-06-02,2,5,11,26,30,32,16
2009064,2009-06-04,1,2,14,23,28,29,15
2009065,2009-06-07,8,12,20,22,30,33,2
2009066,2009-06-09,2,15,19,24,31,32,4
2009067,2009-06-11,4,10,16,23,28,30,5
2009068,2009-06-14,6,11,18,20,25,30,5
2009069,2009-06-16,3,5,12,18,21,23,2
2009070,2009-06-18,1,2,9,10,21,31,10
2009071,2009-06-21,4,5,23,26,31,32,6
2009072,2009-06-23,1,3,12,20,21,29,4
2009073,2009-06-25,9,16,17,18,22,27,14
2009074,2009-06-28,5,10,16,19,23,28,13
2009075,2009-06-30,1,13,15,17,20,30,5
2009076,2009-07-02,9,18,19,25,28,31,6
2009077,2009-07-05,1,9,14,16,28,32,16
2009078,2009-07-07,5,7,12,14,15,20,13
2009079,2009-07-09,2,9,16,21,30,31,13
2009080,2009-07-12,1,11,13,25,32,33,6
2009081,2009-07-14,4,5,6,25,29,30,3
2009082,2009-07-16,11,15,18,21,27,29,2
2009083,2009-07-19,2,8,12,18,24,28,4
2009084,2009-07-21,4,9,11,20,32,33,13
2009085,2009-07-23,4,8,12,17,20,30,3
2009086,2009-07-26,11,12,13,18,23,32,11
2009087,2009-07-28,6,11,13,20,28,32,6
2009088,2009-07-30,4,7,11,15,16,17,2
2009089,2009-08-02,2,3,7,11,19,32,4
2009090,2009-08-04,7,9,14,20,23,30,14
2009091,2009-08-06,3,8,11,14,25,29,4
2009092,2009-08-09,2,6,7,14,18,31,8
2009093,2009-08-11,1,11,20,31,32,33,1
2009094,2009-08-13,3,16,22,25,26,33,14
2009095,2009-08-16,8,9,14,28,31,33,15
2009096,2009-08-18,1,26,27,31,32,33,3
2009097,2009-08-20,7,13,24,26,28,32,14
2009098,2009-08-23,3,14,15,20,23,30,2
2009099,2009-08-25,8,9,18,20,25,29,9
2009100,2009-08-27,2,11,17,27,30,33,11
2009101,2009-08-30,1,2,5,10,19,24,14
2009102,2009-09-01,3,5,7,8,14,31,10
2009103,2009-09-03,6,11,17,20,23,24,9
2009104,2009-09-06,20,22,26,29,30,32,16
2009105,2009-09-08,2,8,10,16,27,30,15
2009106,2009-09-10,1,2,15,18,20,29,4
2009107,2009-09-13,7,8,20,23,28,29,5
2009108,2009-09-15,4,10,17,28,32,33,2
2009109,2009-09-17,5,6,7,14,25,28,1
2009110,2009-09-20,4,10,13,15,19,30,14
2009111,2009-09-22,2,4,7,14,15,25,15
2009112,2009-09-24,6,7,18,24,30,32,9
2009113,2009-09-27,4,12,20,25,28,29,16
2009114,2009-09-29,3,5,11,12,31,32,11
2009115,2009-10-01,2,9,13,15,19,24,3
2009116,2009-10-04,5,17,21,25,27,32,14
2009117,2009-10-06,5,9,15,21,26,31,13
2009118,2009-10-08,12,16,25,26,27,31,5
2009119,2009-10-11,6,7,10,12,15,21,5
2009120,2009-10-13,1,2,8,12,16,30,16
2009121,2009-10-15,2,4,6,10,25,30,9
2009122,2009-10-18,7,14,16,27,29,32,1
2009123,2009-10-20,9,13,20,22,25,28,14
2009124,2009-10-22,3,4,22,23,28,30,10
2009125,2009-10-25,6,7,8,22,26,27,12
2009126,2009-10-27,3,5,6,10,19,23,15
2009127,2009-10-29,2,11,12,14,15,16,4
2009128,2009-11-01,5,8,15,16,26,32,1
2009129,2009-11-03,6,7,16,17,24,25,7
2009130,2009-11-05,2,3,7,12,13,30,11
2009131,2009-11-08,16,23,25,26,32,33,5
2009132,2009-11-10,4,14,15,21,23,30,7
2009133,2009-11-12,5,9,13,18,20,32,1
2009134,2009-11-15,3,5,12,15,28,33,6
2009135,2009-11-17,1,3,14,19,30,33,16
2009136,2009-11-19,1,4,14,22,30,33,1
2009137,2009-11-22,8,12,14,15,17,21,1
2009138,2009-11-24,4,7,14,26,32,33,14
2009139,2009-11-26,1,5,15,17,27,29,2
2009140,2009-11-29,4,5,11,18,22,33,12
2009141,2009-12-01,2,13,21,28,29,31,9
2009142,2009-12-03,7,11,15,19,20,24,13
2009143,2009-12-06,5,9,11,17,23,28,10
2009144,2009-12-08,1,5,10,17,18,29,12
2009145,2009-12-10,3,5,11,15,26,33,11
2009146,2009-12-13,3,9,16,20,22,33,15
2009147,2009-12-15,6,8,10,18,22,32,16
2009148,2009-12-17,6,12,15,22,29,32,10
2009149,2009-12-20,1,3,16,18,22,29,4
2009150,2009-12-22,4,6,7,16,19,20,4
2009151,2009-12-24,6,8,10,16,25,30,14
2009152,2009-12-27,3,4,19,21,27,28,5
2009153,2009-12-29,6,7,8,20,21,25,10
2009154,2009-12-31,1,7,12,14,18,25,16
2010001,2010-01-03,7,17,18,27,29,32,13
2010002,2010-01-05,3,6,7,23,30,33,13
2010003,2010-01-07,14,22,26,27,28,31,4
2010004,2010-01-10,1,12,13,16,23,28,7
2010005,2010-01-12,3,5,6,8,17,18,14
2010006,2010-01-14,3,5,7,13,14,18,5
2010007,2010-01-17,14,22,27,28,30,33,14
2010008,2010-01-19,5,7,13,15,18,30,14
2010009,2010-01-21,1,9,13,21,24,32,6
2010010,2010-01-24,7,8,12,15,22,26,8
2010011,2010-01-26,7,8,14,22,24,30,7
2010012,2010-01-28,2,8,13,14,25,33,10
2010013,2010-01-31,1,2,3,16,18,23,12
2010014,2010-02-02,1,3,7,14,26,28,2
2010015,2010-02-04,1,4,16,21,23,28,6
2010016,2010-02-07,2,8,10,12,30,33,16
2010017,2010-02-09,1,3,6,11,12,23,11
2010018,2010-02-11,11,28,29,30,32,33,2
2010019,2010-02-21,2,10,22,24,26,27,6
2010020,2010-02-23,5,6,14,22,24,26,9
2010021,2010-02-25,2,9,16,17,19,25,4
2010022,2010-02-28,1,2,18,29,31,32,2
2010023,2010-03-02,2,9,11,22,24,27,11
2010024,2010-03-04,7,16,26,27,29,31,14
2010025,2010-03-07,4,5,7,10,13,25,11
2010026,2010-03-09,2,4,5,8,19,22,12
2010027,2010-03-11,3,4,15,25,26,30,13
2010028,2010-03-14,1,3,6,12,16,32,12
2010029,2010-03-16,1,5,14,16,17,22,3
2010030,2010-03-18,3,6,10,16,25,31,5
2010031,2010-03-21,5,7,13,24,25,28,4
2010032,2010-03-23,8,18,21,28,29,33,8
2010033,2010-03-25,8,10,11,12,25,29,9
2010034,2010-03-28,6,11,13,22,25,32,12
2010035,2010-03-30,9,10,11,18,19,21,10
2010036,2010-04-01,6,13,14,28,29,30,8
2010037,2010-04-04,3,16,19,21,24,26,6
2010038,2010-04-06,1,6,7,11,13,16,1
2010039,2010-04-08,8,17,21,23,25,32,12
2010040,2010-04-11,12,19,24,25,30,32,11
2010041,2010-04-13,3,5,13,19,25,29,12
2010042,2010-04-15,3,6,11,20,31,32,10
2010043,2010-04-18,4,10,19,22,28,33,4
2010044,2010-04-20,3,9,21,23,27,31,5
2010045,2010-04-22,2,3,4,13,20,29,1
2010046,2010-04-25,11,12,21,23,27,32,5
2010047,2010-04-27,3,10,13,20,21,32,15
2010048,2010-04-29,1,6,8,10,23,33,2
2010049,2010-05-02,1,6,10,26,27,28,2
2010050,2010-05-04,7,21,22,26,28,30,11
2010051,2010-05-06,4,17,23,27,28,32,3
2010052,2010-05-09,1,2,19,23,27,29,10
2010053,2010-05-11,3,22,24,27,28,30,14
2010054,2010-05-13,1,6,8,12,14,25,6
2010055,2010-05-16,2,3,13,19,20,23,8
2010056,2010-05-18,1,2,3,8,13,32,7
2010057,2010-05-20,5,11,12,19,25,32,5
2010058,2010-05-23,1,4,11,17,19,29,12
2010059,2010-05-25,1,9,11,12,18,30,10
2010060,2010-05-27,1,8,15,18,22,27,9
2010061,2010-05-30,2,4,16,19,22,26,12
2010062,2010-06-01,11,13,15,20,31,33,3
2010063,2010-06-03,2,6,10,17,23,24,3
2010064,2010-06-06,8,14,25,26,30,31,11
2010065,2010-06-08,2,7,8,17,30,32,12
2010066,2010-06-10,1,3,21,22,31,32,7
2010067,2010-06-13,1,7,10,14,21,25,1
2010068,2010-06-15,3,13,18,20,23,28,13
2010069,2010-06-17,12,14,20,22,24,32,11
2010070,2010-06-20,8,13,23,27,31,33,7
2010071,2010-06-22,5,13,14,17,20,26,1
2010072,2010-06-24,6,8,22,23,30,31,1
2010073,2010-06-27,1,16,20,23,27,31,2
2010074,2010-06-29,2,10,17,18,19,29,15
2010075,2010-07-01,5,9,12,13,15,22,14
2010076,2010-07-04,1,12,14,29,31,32,15
2010077,2010-07-06,2,8,14,20,21,24,9
2010078,2010-07-08,1,3,9,11,17,23,12
2010079,2010-07-11,8,11,12,14,18,22,2
2010080,2010-07-13,8,10,13,14,16,23,16
2010081,2010-07-15,2,3,9,24,26,27,5
2010082,2010-07-18,1,8,13,14,27,31,2
2010083,2010-07-20,2,20,21,22,23,31,12
2010084,2010-07-22,2,10,14,18,20,30,3
2010085,2010-07-25,1,8,12,13,24,27,8
2010086,2010-07-27,5,21,28,29,30,31,8
2010087,2010-07-29,1,8,16,17,25,30,10
2010088,2010-08-01,5,6,15,23,27,30,12
2010089,2010-08-03,7,8,9,16,23,26,1
2010090,2010-08-05,1,6,10,15,25,31,14
2010091,2010-08-08,6,13,16,20,22,24,16
2010092,2010-08-10,3,13,19,27,28,30,2
2010093,2010-08-12,9,10,19,28,32,33,6
2010094,2010-08-15,3,5,7,27,31,32,10
2010095,2010-08-17,9,11,16,17,25,27,14
2010096,2010-08-19,7,12,21,23,24,28,3
2010097,2010-08-22,10,16,18,21,24,26,1
2010098,2010-08-24,1,3,8,16,29,33,7
2010099,2010-08-26,3,4,17,24,27,30,6
2010100,2010-08-29,1,6,12,22,23,26,8
2010101,2010-08-31,4,9,18,21,25,26,6
2010102,2010-09-02,4,11,16,20,22,29,10
2010103,2010-09-05,6,9,14,17,20,33,9
2010104,2010-09-07,7,17,23,24,27,32,2
2010105,2010-09-09,1,8,9,19,21,31,11
2010106,2010-09-12,2,6,8,15,26,29,16
2010107,2010-09-14,8,12,15,17,22,33,16
2010108,2010-09-16,2,4,8,20,23,24,7
2010109,2010-09-19,4,15,18,25,29,32,15
2010110,2010-09-21,1,3,12,24,26,27,1
2010111,2010-09-23,4,7,8,13,17,18,10
2010112,2010-09-26,1,8,18,24,29,30,16
2010113,2010-09-28,5,10,15,18,20,28,10
2010114,2010-09-30,1,8,11,15,17,25,1
2010115,2010-10-03,1,22,24,25,29,33,15
2010116,2010-10-05,5,9,10,20,22,26,7
2010117,2010-10-07,1,8,20,22,24,28,1
2010118,2010-10-10,5,8,11,13,15,25,5
2010119,2010-10-12,7,17,25,27,30,31,9
2010120,2010-10-14,1,2,5,6,10,29,16
2010121,2010-10-17,8,11,13,18,25,30,15
2010122,2010-10-19,2,9,12,16,25,27,6
2010123,2010-10-21,6,12,15,18,29,32,10
2010124,2010-10-24,2,6,8,11,12,25,2
2010125,2010-10-26,6,7,13,23,28,29,9
2010126,2010-10-28,3,13,18,20,27,28,5
2010127,2010-10-31,1,4,8,17,25,33,1
2010128,2010-11-02,4,11,19,20,24,28,12
2010129,2010-11-04,4,8,14,25,28,32,16
2010130,2010-11-07,1,2,7,15,21,31,16
2010131,2010-11-09,5,6,15,16,19,26,6
2010132,2010-11-11,2,10,12,18,24,33,15
2010133,2010-11-14,3,9,17,21,26,32,1
2010134,2010-11-16,9,15,16,22,27,28,6
2010135,2010-11-18,4,10,13,25,26,30,10
2010136,2010-11-21,4,10,23,24,26,33,10
2010137,2010-11-23,7,9,10,13,19,33,6
2010138,2010-11-25,1,21,23,24,26,30,5
2010139,2010-11-28,11,13,18,20,26,31,9
2010140,2010-11-30,1,12,13,18,26,29,15
2010141,2010-12-02,2,3,7,18,23,27,6
2010142,2010-12-05,2,16,18,23,26,27,10
2010143,2010-12-07,9,16,18,26,30,31,14
2010144,2010-12-09,2,3,8,15,19,21,11
2010145,2010-12-12,3,21,24,27,28,31,8
2010146,2010-12-14,1,17,18,22,25,32,1
2010147,2010-12-16,2,8,15,18,24,30,3
2010148,2010-12-19,1,3,7,18,23,27,12
2010149,2010-12-21,2,7,8,16,25,30,9
2010150,2010-12-23,2,17,18,23,29,30,6
2010151,2010-12-26,2,13,14,17,19,26,14
2010152,2010-12-28,4,9,17,21,25,31,1
2010153,2010-12-30,3,6,12,19,30,31,13
2011001,2011-01-02,3,9,20,24,26,32,10
2011002,2011-01-04,6,8,12,17,28,33,5
2011003,2011-01-06,13,14,21,22,23,27,4
2011004,2011-01-09,4,6,8,10,13,26,5
2011005,2011-01-11,6,9,12,14,20,22,13
2011006,2011-01-13,1,3,5,13,16,18,5
2011007,2011-01-16,1,9,17,24,26,31,5
2011008,2011-01-18,10,12,13,17,24,31,15
2011009,2011-01-20,17,18,23,24,25,26,4
2011010,2011-01-23,1,4,5,9,15,19,13
2011011,2011-01-25,1,12,18,19,21,24,10
2011012,2011-01-27,7,8,11,13,15,26,13
2011013,2011-01-30,1,3,13,16,21,22,8
2011014,2011-02-01,5,7,10,11,23,26,16
2011015,2011-02-10,3,6,13,26,27,29,7
2011016,2011-02-13,3,4,16,17,22,29,13
2011017,2011-02-15,2,6,15,23,26,33,8
2011018,2011-02-17,13,15,18,28,30,33,1
2011019,2011-02-20,2,4,12,19,32,33,16
2011020,2011-02-22,12,16,17,19,24,30,5
2011021,2011-02-24,1,2,14,18,25,31,8
2011022,2011-02-27,2,7,14,16,17,21,5
2011023,2011-03-01,2,3,6,21,22,25,5
2011024,2011-03-03,5,7,10,19,26,31,14
2011025,2011-03-06,8,25,26,31,32,33,9
2011026,2011-03-08,7,8,17,19,21,26,12
2011027,2011-03-10,13,18,21,22,25,26,1
2011028,2011-03-13,1,4,5,14,16,17,1
2011029,2011-03-15,1,4,9,10,20,31,7
2011030,2011-03-17,2,9,19,24,25,33,10
2011031,2011-03-20,16,17,24,28,29,32,12
2011032,2011-03-22,3,5,7,13,14,15,15
2011033,2011-03-24,2,8,12,13,19,29,4
2011034,2011-03-27,13,14,17,19,24,31,8
2011035,2011-03-29,13,14,18,20,27,31,2
2011036,2011-03-31,2,11,20,22,24,31,5
2011037,2011-04-03,1,3,4,6,17,25,11
2011038,2011-04-05,2,14,15,19,23,24,12
2011039,2011-04-07,3,7,10,16,24,29,13
2011040,2011-04-10,5,11,14,24,26,28,13
2011041,2011-04-12,4,10,12,13,30,32,13
2011042,2011-04-14,5,13,15,17,19,21,15
2011043,2011-04-17,4,13,14,17,25,31,4
2011044,2011-04-19,3,14,16,26,27,31,9
2011045,2011-04-21,2,16,17,20,26,32,8
2011046,2011-04-24,9,17,18,26,29,30,8
2011047,2011-04-26,4,13,23,25,27,33,14
2011048,2011-04-28,10,14,18,25,26,27,15
2011049,2011-05-01,1,11,17,18,27,31,14
2011050,2011-05-03,4,5,19,22,28,29,15
2011051,2011-05-05,1,7,11,14,15,16,14
2011052,2011-05-08,4,5,8,19,27,28,8
2011053,2011-05-10,3,6,10,12,22,30,15
2011054,2011-05-12,8,11,16,17,22,33,8
2011055,2011-05-15,8,13,16,17,29,32,16
2011056,2011-05-17,13,16,19,20,23,25,10
2011057,2011-05-19,4,6,20,21,26,33,2
2011058,2011-05-22,7,18,22,30,32,33,6
2011059,2011-05-24,24,26,27,29,31,33,16
2011060,2011-05-26,10,11,13,21,27,31,1
2011061,2011-05-29,2,3,8,13,19,21,3
2011062,2011-05-31,4,8,9,10,29,30,3
2011063,2011-06-02,4,6,13,15,18,19,5
2011064,2011-06-05,3,6,7,29,30,33,2
2011065,2011-06-07,4,16,23,25,27,29,3
2011066,2011-06-09,4,6,14,17,30,32,12
2011067,2011-06-12,17,19,20,24,25,27,12
2011068,2011-06-14,3,7,10,15,19,24,10
2011069,2011-06-16,2,13,16,18,24,30,12
2011070,2011-06-19,1,3,5,12,21,28,12
2011071,2011-06-21,1,2,15,22,28,30,2
2011072,2011-06-23,1,6,10,11,18,27,12
2011073,2011-06-26,3,4,5,12,17,21,14
2011074,2011-06-28,2,21,26,28,29,32,1
2011075,2011-06-30,7,9,10,12,31,32,13
2011076,2011-07-03,6,19,21,26,32,33,13
2011077,2011-07-05,1,7,8,15,26,29,10
2011078,2011-07-07,3,5,13,20,22,29,9
2011079,2011-07-10,3,14,15,16,24,29,5
2011080,2011-07-12,2,7,9,25,31,32,9
2011081,2011-07-14,6,14,19,23,25,32,12
2011082,2011-07-17,7,16,17,20,25,26,4
2011083,2011-07-19,7,16,18,24,28,29,6
2011084,2011-07-21,9,10,12,16,18,32,15
2011085,2011-07-24,3,6,11,21,24,31,10
2011086,2011-07-26,6,7,9,12,17,24,9
2011087,2011-07-28,2,3,4,5,18,28,1
2011088,2011-07-31,3,9,17,20,21,29,4
2011089,2011-08-02,1,2,11,24,29,30,12
2011090,2011-08-04,2,5,14,18,21,25,16
2011091,2011-08-07,9,15,21,23,28,30,3
2011092,2011-08-09,5,10,17,26,31,32,4
2011093,2011-08-11,4,7,11,13,23,30,9
2011094,2011-08-14,9,11,12,17,18,19,5
2011095,2011-08-16,3,7,8,10,23,24,5
2011096,2011-08-18,1,4,7,13,14,19,15
2011097,2011-08-21,9,17,19,20,21,26,16
2011098,2011-08-23,3,7,20,21,22,32,5
2011099,2011-08-25,10,12,13,21,26,27,14
2011100,2011-08-28,7,11,21,23,31,32,5
2011101,2011-08-30,6,10,19,23,29,31,6
2011102,2011-09-01,1,5,13,21,27,31,11
2011103,2011-09-04,4,5,10,13,15,16,12
2011104,2011-09-06,9,10,16,20,25,29,9
2011105,2011-09-08,4,6,23,25,27,28,1
2011106,2011-09-11,2,11,12,14,24,32,14
2011107,2011-09-13,4,9,16,17,22,29,15
2011108,2011-09-15,2,17,22,26,29,33,10
2011109,2011-09-18,1,3,9,15,16,33,15
2011110,2011-09-20,12,14,21,26,28,33,12
2011111,2011-09-22,1,3,5,20,25,27,4
2011112,2011-09-25,3,5,16,18,23,24,15
2011113,2011-09-27,6,10,11,25,32,33,5
2011114,2011-09-29,1,14,15,16,30,32,9
2011115,2011-10-02,7,8,9,12,17,33,16
2011116,2011-10-04,1,7,11,12,17,27,5
2011117,2011-10-06,8,10,19,26,28,30,4
2011118,2011-10-09,5,6,11,14,20,21,10
2011119,2011-10-11,9,12,14,19,28,32,1
2011120,2011-10-13,4,14,17,28,30,33,7
2011121,2011-10-16,4,14,22,25,32,33,2
2011122,2011-10-18,10,12,18,26,27,31,3
2011123,2011-10-20,1,4,5,14,19,28,16
2011124,2011-10-23,9,18,19,26,31,32,16
2011125,2011-10-25,3,10,15,24,27,32,8
2011126,2011-10-27,3,7,13,18,23,26,16
2011127,2011-10-30,16,19,22,23,27,29,11
2011128,2011-11-01,9,11,14,17,19,23,12
2011129,2011-11-03,7,10,11,21,23,26,6
2011130,2011-11-06,7,14,18,23,25,32,15
2011131,2011-11-08,2,7,9,17,21,25,1
2011132,2011-11-10,2,5,12,13,25,33,7
2011133,2011-11-13,12,14,20,21,25,31,16
2011134,2011-11-15,1,2,6,7,30,31,10
2011135,2011-11-17,12,13,17,20,25,26,12
2011136,2011-11-20,2,4,6,20,22,31,7
2011137,2011-11-22,2,11,18,23,30,33,13
2011138,2011-11-24,1,5,15,24,28,32,7
2011139,2011-11-27,8,20,24,27,30,31,3
2011140,2011-11-29,4,18,20,22,27,29,6
2011141,2011-12-01,2,4,6,19,24,29,11
2011142,2011-12-04,12,15,16,26,29,31,2
2011143,2011-12-06,7,8,12,14,15,30,16
2011144,2011-12-08,1,2,9,10,16,24,3
2011145,2011-12-11,2,4,14,15,26,30,4
2011146,2011-12-13,11,23,26,28,32,33,10
2011147,2011-12-15,4,8,12,17,18,30,10
2011148,2011-12-18,5,14,22,23,25,26,14
2011149,2011-12-20,4,5,6,7,23,31,16
2011150,2011-12-22,8,10,12,15,22,27,13
2011151,2011-12-25,7,11,16,19,31,33,10
2011152,2011-12-27,4,10,11,12,21,26,13
2011153,2011-12-29,5,8,9,10,20,25,13
2012001,2012-01-01,1,4,5,9,15,17,6
2012002,2012-01-03,2,3,7,9,10,32,13
2012003,2012-01-05,3,6,8,24,29,31,9
2012004,2012-01-08,1,5,10,11,21,23,16
2012005,2012-01-10,7,9,18,27,31,33,6
2012006,2012-01-12,2,22,25,29,32,33,8
2012007,2012-01-15,10,17,19,27,28,32,4
2012008,2012-01-17,1,12,20,23,24,29,8
2012009,2012-01-19,4,16,24,26,27,33,11
2012010,2012-01-29,1,3,13,19,25,26,10
2012011,2012-01-31,4,14,15,16,20,26,5
2012012,2012-02-02,15,17,18,20,23,27,1
2012013,2012-02-05,6,8,24,29,30,32,13
2012014,2012-02-07,1,2,5,16,28,30,12
2012015,2012-02-09,1,3,6,10,21,23,15
2012016,2012-02-12,2,5,12,17,22,25,8
2012017,2012-02-14,6,9,14,19,25,28,10
2012018,2012-02-16,3,5,6,22,26,32,15
2012019,2012-02-19,7,14,18,20,22,30,16
2012020,2012-02-21,3,8,12,18,23,29,11
2012021,2012-02-23,1,15,16,18,22,30,3
2012022,2012-02-26,4,8,12,24,26,27,4
2012023,2012-02-28,5,9,15,23,24,33,2
2012024,2012-03-01,4,12,19,21,25,28,13
2012025,2012-03-04,3,8,9,17,25,27,6
2012026,2012-03-06,3,7,9,15,24,25,16
2012027,2012-03-08,4,16,22,25,30,31,12
2012028,2012-03-11,10,15,20,21,28,30,11
2012029,2012-03-13,4,7,15,25,26,28,3
2012030,2012-03-15,9,10,17,18,21,31,8
2012031,2012-03-18,4,16,22,24,27,31,3
2012032,2012-03-20,1,2,10,17,22,24,4
2012033,2012-03-22,2,3,15,16,17,27,4
2012034,2012-03-25,2,3,8,23,32,33,16
2012035,2012-03-27,9,11,12,21,24,26,5
2012036,2012-03-29,2,11,13,18,19,26,9
2012037,2012-04-01,5,14,19,24,28,33,9
2012038,2012-04-03,9,10,11,15,19,33,16
2012039,2012-04-05,1,2,5,13,22,29,8
2012040,2012-04-08,3,8,9,22,25,31,10
2012041,2012-04-10,8,11,15,20,24,32,2
2012042,2012-04-12,5,6,11,19,24,28,16
2012043,2012-04-15,2,9,11,21,26,33,3
2012044,2012-04-17,6,9,10,14,22,25,3
2012045,2012-04-19,8,11,20,21,27,30,9
2012046,2012-04-22,4,12,19,20,23,33,6
2012047,2012-04-24,6,7,11,16,32,33,11
2012048,2012-04-26,1,5,14,22,24,30,10
2012049,2012-04-29,4,12,13,19,20,32,2
2012050,2012-05-01,7,13,15,17,19,24,11
2012051,2012-05-03,2,12,14,17,30,31,9
2012052,2012-05-06,2,3,5,6,20,24,4
2012053,2012-05-08,4,15,22,25,27,33,4
2012054,2012-05-10,6,14,18,20,30,33,14
2012055,2012-05-13,4,6,13,20,24,28,1
2012056,2012-05-15,4,7,14,17,26,31,10
2012057,2012-05-17,3,5,19,21,27,31,4
2012058,2012-05-20,3,6,15,20,25,26,4
2012059,2012-05-22,4,13,21,22,26,31,1
2012060,2012-05-24,7,10,13,16,17,29,1
2012061,2012-05-27,3,8,11,12,14,18,14
2012062,2012-05-29,2,13,16,17,20,31,7
2012063,2012-05-31,2,10,17,19,24,27,12
2012064,2012-06-03,5,10,11,16,23,24,11
2012065,2012-06-05,8,10,18,19,27,31,14
2012066,2012-06-07,1,2,9,26,29,33,12
2012067,2012-06-10,4,5,10,21,26,30,16
2012068,2012-06-12,5,17,22,26,32,33,10
2012069,2012-06-14,8,10,11,18,20,29,6
2012070,2012-06-17,2,3,4,24,31,32,11
2012071,2012-06-19,3,4,19,21,22,23,8
2012072,2012-06-21,2,3,7,9,13,30,6
2012073,2012-06-24,4,7,9,10,17,27,5
2012074,2012-06-26,15,16,18,19,28,32,8
2012075,2012-06-28,4,6,22,23,29,32,11
2012076,2012-07-01,11,18,22,27,29,30,15
2012077,2012-07-03,2,4,13,18,26,28,12
2012078,2012-07-05,8,15,22,24,28,33,12
2012079,2012-07-08,6,7,12,24,30,33,12
2012080,2012-07-10,4,9,14,15,16,27,3
2012081,2012-07-12,2,5,10,24,25,29,6
2012082,2012-07-15,2,4,11,18,22,29,6
2012083,2012-07-17,4,9,14,15,26,33,4
2012084,2012-07-19,2,10,20,26,28,29,14
2012085,2012-07-22,5,17,24,30,31,33,5
2012086,2012-07-24,8,9,13,15,22,23,8
2012087,2012-07-26,3,10,11,13,14,22,9
2012088,2012-07-29,3,5,23,24,27,31,15
2012089,2012-07-31,3,7,10,13,14,25,11
2012090,2012-08-02,2,13,20,25,29,30,11
2012091,2012-08-05,1,5,7,8,19,21,16
2012092,2012-08-07,6,13,17,18,28,32,3
2012093,2012-08-09,3,5,19,21,24,33,13
2012094,2012-08-12,6,9,14,16,23,33,15
2012095,2012-08-14,17,24,27,28,29,30,2
2012096,2012-08-16,4,7,11,16,29,33,7
2012097,2012-08-19,5,8,13,14,19,22,6
2012098,2012-08-21,2,12,19,26,29,31,9
2012099,2012-08-23,8,12,15,16,21,27,16
2012100,2012-08-26,5,7,15,18,25,33,10
2012101,2012-08-28,9,12,17,18,20,33,2
2012102,2012-08-30,13,25,27,28,29,30,15
2012103,2012-09-02,4,9,11,14,32,33,2
2012104,2012-09-04,4,5,9,10,19,28,3
2012105,2012-09-06,6,13,14,15,17,30,4
2012106,2012-09-09,13,14,20,22,23,32,16
2012107,2012-09-11,11,12,15,24,25,31,9
2012108,2012-09-13,1,9,12,13,19,28,13
2012109,2012-09-16,2,12,24,26,29,31,3
2012110,2012-09-18,3,7,10,13,22,32,9
2012111,2012-09-20,2,9,10,20,22,31,13
2012112,2012-09-23,8,15,20,21,27,31,6
2012113,2012-09-25,3,6,9,13,18,32,6
2012114,2012-09-27,1,6,11,26,27,29,15
2012115,2012-09-30,3,8,20,24,26,32,14
2012116,2012-10-02,3,21,26,29,31,32,3
2012117,2012-10-04,13,15,18,20,24,28,9
2012118,2012-10-07,5,6,7,12,15,28,11
2012119,2012-10-09,12,20,25,26,27,28,13
2012120,2012-10-11,1,4,20,24,28,29,16
2012121,2012-10-14,1,7,8,20,23,24,11
2012122,2012-10-16,12,13,19,22,28,29,11
2012123,2012-10-18,8,10,16,25,28,33,9
2012124,2012-10-21,6,7,21,25,27,33,11
2012125,2012-10-23,8,12,13,26,29,33,1
2012126,2012-10-25,3,5,12,15,23,24,7
2012127,2012-10-28,1,9,11,21,26,32,8
2012128,2012-10-30,5,9,12,29,30,31,5
2012129,11/1/12,1,7,9,17,21,29,1
2012130,2012-11-04,1,3,15,20,22,31,3
2012131,11/6/12,6,18,19,26,28,32,12
2012132,2012-11-08,7,12,16,17,21,25,10
2012133,11/11/12,1,8,11,20,21,29,2
2012134,2012-11-13,2,5,6,7,13,23,15
2012135,11/15/12,2,5,7,8,11,17,16
2012136,2012-11-18,2,7,8,17,21,28,11
2012137,11/20/12,1,2,4,6,13,17,7
2012138,11/22/12,1,7,16,17,19,21,14
2012139,2012-11-25,8,19,21,24,28,31,15
2012140,11/27/12,14,18,27,30,31,33,15
2012141,2012-11-29,3,5,8,19,20,27,9
2012142,11/2/12,5,18,22,28,29,31,6
2012143,2012-12-04,7,8,18,25,30,32,6
2012144,2012-12-06,3,10,12,13,27,30,4
2012145,2012-12-09,5,20,26,27,28,33,3
2012146,2012-12-11,1,5,7,13,29,32,13
2012147,2012-12-13,2,12,15,23,24,32,9
2012148,2012-12-16,3,6,11,17,21,31,7
2012149,2012-12-18,1,5,13,25,26,32,13
2012150,2012-12-20,9,11,17,23,24,26,7
2012151,2012-12-23,5,14,24,25,26,32,1
2012152,2012-12-25,10,12,18,22,28,29,7
2012153,2012-12-27,4,5,11,21,27,28,10
2012154,2012-12-30,5,7,12,16,28,32,4
2013001,2013/1/1,6,8,14,15,24,25,6
2013002,2013/1/3,1,16,18,22,28,30,12
2013003,2013/1/6,22,23,26,27,28,33,9
2013004,2013/1/8,6,10,16,20,27,32,8
2013005,2013/1/10,1,13,14,25,31,32,12
2013006,2013/1/13,9,10,13,17,22,30,13
2013007,2013/1/15,2,9,15,22,26,32,1
2013008,2013/1/17,3,8,17,21,25,32,15
2013009,2013/1/20,1,4,9,13,16,23,2
2013010,2013/1/22,1,9,11,17,32,33,12
2013011,2013/1/24,3,12,17,24,27,29,9
2013012,2013/1/27,6,14,17,22,28,29,2
2013013,2013/1/29,5,6,13,19,22,28,9
2013014,2013/1/31,2,4,5,17,19,20,8
2013015,2013/2/3,5,6,7,11,13,18,15
2013016,2013/2/5,2,5,6,12,14,28,5
2013017,2013/2/7,4,6,12,31,32,33,9
2013018,2013/2/17,2,8,13,28,29,30,5
2013019,2013/2/19,1,2,5,16,20,26,6
2013020,2013/2/21,1,7,8,12,16,21,1
2013021,2013/2/24,1,6,17,19,26,31,11
2013022,2013/2/26,2,4,7,9,15,20,7
2013023,2013/2/28,3,6,15,18,30,32,5
2013024,2013/3/3,4,5,13,23,27,30,9
2013025,2013/3/5,16,17,18,24,25,30,8
2013026,2013/3/7,4,11,14,15,22,31,11
2013027,2013/3/10,1,2,4,12,21,24,12
2013028,2013/3/12,7,8,14,25,26,28,13
2013029,2013/3/14,6,7,10,19,23,29,12
2013030,2013/3/17,7,14,18,25,26,29,6
2013031,2013/3/19,3,13,14,15,21,33,3
2013032,2013/3/21,4,21,25,29,30,33,3
2013033,2013/3/24,5,6,13,17,19,28,1
2013034,2013/3/26,6,15,20,22,26,33,9
2013035,2013/3/28,1,14,15,17,26,30,2
2013036,2013/3/31,4,5,9,27,29,31,13
2013037,2013/4/2,2,15,18,27,28,32,14
2013038,2013/4/4,9,10,12,14,15,19,11
2013039,2013/4/7,1,2,14,15,24,29,6
2013040,2013/4/9,2,4,10,12,17,30,10
2013041,2013/4/11,2,10,12,17,23,24,5
2013042,2013/4/14,1,8,12,13,15,33,3
2013043,2013/4/16,3,6,14,15,17,25,16
2013044,2013/4/18,3,5,11,18,26,28,6
2013045,2013/4/21,6,7,8,14,23,31,12
2013046,2013/4/23,3,16,19,20,24,26,6
2013047,2013/4/25,1,8,11,17,27,30,12
2013048,2013/4/28,10,13,17,28,30,32,4
2013049,2013/4/30,10,13,14,16,21,32,14
2013050,2013/5/2,3,7,13,18,22,25,3
2013051,2013/5/5,8,12,15,19,28,29,2
2013052,2013/5/7,6,7,14,21,22,24,13
2013053,2013/5/9,3,12,13,22,30,33,14
2013054,2013/5/12,3,4,8,14,21,28,14
2013055,2013/5/14,8,18,19,22,27,32,6
2013056,2013/5/16,3,12,25,26,28,29,16
2013057,2013/5/19,13,16,19,23,26,28,5
2013058,2013/5/21,8,11,17,21,23,24,5
2013059,2013/5/23,3,10,18,24,27,29,9
2013060,2013/5/26,5,7,10,13,19,20,15
2013061,2013/5/28,5,6,7,12,13,18,12
2013062,2013/5/30,1,6,7,19,22,27,2
2013063,2013/6/2,10,15,18,20,23,31,12
2013064,2013/6/4,1,9,13,22,25,32,12
2013065,2013/6/6,7,18,19,23,29,30,2
2013066,2013/6/9,1,3,16,17,20,32,7
2013067,2013/6/11,1,4,9,15,22,30,6
2013068,2013/6/13,2,7,13,20,25,27,6
2013069,2013/6/16,7,16,17,18,30,33,6
2013070,2013/6/18,2,3,9,10,28,30,6
2013071,2013/6/20,5,12,21,23,26,28,9
2013072,2013/6/23,2,8,11,14,19,33,9
2013073,2013/6/25,2,9,13,17,20,28,11
2013074,2013/6/27,3,6,8,14,19,32,3
2013075,2013/6/30,4,6,9,25,30,33,14
2013076,7/2/13,14,23,24,26,29,30,3
2013077,7/4/13,9,14,23,24,26,29,3
2013078,7/7/13,3,5,17,18,26,27,15
2013079,7/9/13,7,13,17,19,22,26,13
2013080,7/11/13,10,11,12,23,28,32,16
2013081,7/14/13,1,4,10,13,21,31,13
2013082,7/16/13,4,13,14,20,22,30,6
2013083,7/18/13,5,6,12,14,19,23,9
2013084,7/21/13,5,7,9,11,20,21,3
2013085,7/23/13,2,8,12,14,16,32,16
2013086,7/25/13,2,4,11,13,16,26,11
2013087,7/28/13,2,13,19,23,24,28,5
2013088,7/30/13,9,15,20,21,22,24,14
2013089,8/1/13,4,8,12,19,21,25,13
2013090,8/4/13,2,5,11,23,24,29,8
2013091,8/6/13,4,14,24,25,28,31,10
2013092,8/8/13,7,11,15,21,26,31,6
2013093,8/11/13,1,2,8,26,29,31,14
2013094,8/13/13,2,4,14,18,20,22,7
2013095,8/15/13,1,6,15,19,28,29,10
2013096,8/18/13,1,2,22,28,29,30,15
2013097,8/20/13,5,14,17,22,23,25,7
2013098,8/22/13,7,15,18,19,20,26,14
2013099,8/25/13,5,11,20,21,26,31,3
2013100,8/27/13,4,8,11,14,16,20,11
2013101,8/29/13,5,7,9,23,27,32,1
2013102,9/1/13,2,4,5,6,8,16,3
2013103,9/3/13,2,4,9,13,18,20,7
2013104,9/5/13,1,2,4,15,17,28,11
2013105,9/8/13,1,11,23,27,31,32,9
2013106,9/10/13,9,11,23,30,31,32,6
2013107,9/12/13,7,9,11,17,28,31,11
2013108,9/15/13,16,21,22,28,31,32,5
2013109,9/17/13,9,23,24,27,29,32,8
2013110,9/19/13,15,17,18,21,29,32,13
2013111,9/22/13,1,2,3,6,8,33,13
2013112,9/24/13,1,6,12,13,22,31,7
2013113,9/26/13,4,7,11,17,24,33,9
2013114,9/29/13,4,6,17,21,23,33,7
2013115,10/1/13,3,12,16,17,18,27,8
2013116,10/3/13,12,15,21,26,32,33,7
2013117,10/6/13,9,12,13,24,27,33,16
2013118,10/8/13,2,3,17,22,32,33,16
2013119,10/10/13,5,15,20,22,26,32,9
2013120,10/13/13,5,6,13,18,23,31,11
2013121,10/15/13,4,5,6,7,25,27,7
2013122,10/17/13,7,10,13,15,26,27,11
2013123,10/20/13,1,2,6,11,17,25,2
2013124,10/22/13,3,9,15,23,25,30,7
2013125,10/24/13,4,6,8,18,25,28,16
2013126,10/27/13,4,10,19,27,31,33,16
2013127,10/29/13,2,3,13,20,22,33,14
2013128,10/31/13,7,13,17,19,25,31,8
2013129,11/3/13,5,6,10,14,27,31,14
2013130,11/5/13,1,3,15,16,31,33,8
2013131,11/7/13,4,6,12,17,19,26,9
2013132,11/10/13,20,21,22,23,25,27,12
2013133,11/12/13,4,7,12,19,22,25,1
2013134,11/14/13,1,17,18,19,25,29,10
2013135,11/17/13,9,23,24,25,29,31,12
2013136,11/19/13,4,6,14,16,18,26,6
2013137,11/21/13,4,17,19,23,24,27,10
2013138,11/24/13,4,15,16,24,27,28,3
2013139,11/26/13,7,8,11,13,21,27,8
2013140,11/28/13,1,5,12,13,21,22,10
2013141,12/1/13,3,4,5,25,30,31,4
2013142,12/3/13,11,12,14,20,22,29,14
2013143,12/5/13,12,18,21,22,27,32,11
2013144,12/8/13,5,7,12,19,27,31,2
2013145,12/10/13,6,10,13,16,22,24,15
2013146,12/12/13,8,20,25,30,32,33,1
2013147,12/15/13,2,15,16,17,19,30,8
2013148,12/17/13,6,11,12,14,17,22,1
2013149,12/19/13,9,18,25,26,30,32,11
2013150,12/22/13,1,15,16,25,26,29,10
2013151,12/24/13,3,9,10,19,28,31,9
2013152,12/26/13,4,6,14,16,18,29,5
2013153,12/29/13,8,11,13,18,28,33,10
2013154,12/31/13,7,11,14,19,24,29,5
2014001,1/2/14,3,9,15,20,27,29,1
2014002,1/5/14,4,21,23,31,32,33,4
2014003,1/7/14,6,10,11,28,30,33,12
2014004,1/9/14,1,4,19,22,24,25,15
2014005,1/12/14,15,18,23,27,32,33,4
2014006,1/14/14,3,4,7,17,21,27,14
2014007,1/16/14,8,10,12,14,18,28,14
2014008,1/19/14,5,14,16,21,29,30,12
2014009,1/21/14,8,9,19,20,25,32,16
2014010,1/23/14,5,7,8,20,31,33,11
2014011,1/26/14,9,10,13,14,21,32,2
2014012,1/28/14,1,8,11,19,21,24,8
2014013,2/9/14,5,9,13,15,17,21,13
2014014,2/11/14,4,9,19,22,25,29,15
2014015,2/13/14,2,11,19,30,32,33,9
2014016,2/16/14,2,3,7,13,21,24,8
2014017,2/18/14,4,6,7,14,25,26,10
2014018,2/20/14,13,17,18,21,30,33,15
2014019,2/23/14,2,10,15,19,20,21,7
2014020,2/25/14,9,14,17,23,24,25,15
2014021,2/27/14,8,10,15,17,22,29,12
2014022,3/2/14,4,6,7,10,21,26,16
2014023,3/4/14,7,9,13,17,21,22,10
2014024,3/6/14,8,10,16,20,23,30,9
2014025,3/9/14,1,5,10,14,16,30,16
2014026,3/11/14,1,2,5,6,11,23,14
2014027,3/13/14,8,10,14,16,30,31,1
2014028,3/16/14,6,16,21,27,30,32,5
2014029,3/18/14,2,7,14,16,21,29,14
2014030,3/20/14,12,18,19,23,24,30,10
2014031,3/23/14,4,10,16,17,21,27,14
2014032,3/25/14,1,2,14,22,29,33,7
2014033,3/27/14,5,13,23,28,32,33,12
2014034,3/30/14,1,3,4,8,25,31,6
2014035,4/1/14,7,8,9,17,32,33,6
2014036,4/3/14,1,7,8,9,11,22,3
2014037,4/6/14,6,13,14,24,25,30,7
2014038,4/8/14,4,7,22,23,24,33,16
2014039,4/10/14,3,11,15,19,20,31,7
2014040,4/13/14,3,4,6,11,12,15,8
2014041,4/15/14,7,11,16,18,21,22,2
2014042,4/17/14,12,15,20,25,28,33,14
2014043,4/20/14,2,5,9,14,24,33,9
2014044,4/22/14,4,9,21,27,28,33,12
2014045,4/24/14,2,4,9,11,19,22,15
2014046,4/27/14,2,10,11,17,18,22,10
2014047,4/29/14,8,10,11,12,19,29,15
2014048,5/1/14,6,9,16,17,24,25,16
2014049,5/4/14,6,7,16,17,23,32,6
2014050,5/6/14,3,17,23,25,26,32,13
2014051,5/8/14,10,16,19,21,23,24,13
2014052,5/11/14,9,13,15,28,30,33,8
2014053,5/13/14,14,17,19,22,26,31,2
2014054,5/15/14,1,4,5,11,29,30,14
2014055,5/18/14,2,9,14,19,21,30,4
2014056,5/20/14,1,11,18,20,28,29,1
2014057,5/22/14,2,4,12,18,23,31,8
2014058,5/25/14,2,3,12,13,14,25,11
2014059,5/27/14,5,8,12,13,23,25,13
2014060,5/29/14,3,5,14,18,25,33,6